{
  "metadata": {
    "timestamp": "2026-01-25T06:31:49.816Z",
    "version": "1.0",
    "tables": 31,
    "totalRows": 0
  },
  "data": {
    "direct_store_policy_margin": {
      "tableName": "direct_store_policy_margin",
      "rowCount": 0,
      "data": []
    },
    "direct_store_policy_addon_services": {
      "tableName": "direct_store_policy_addon_services",
      "rowCount": 0,
      "data": []
    },
    "direct_store_policy_insurance": {
      "tableName": "direct_store_policy_insurance",
      "rowCount": 0,
      "data": []
    },
    "direct_store_policy_special": {
      "tableName": "direct_store_policy_special",
      "rowCount": 0,
      "data": []
    },
    "direct_store_settings": {
      "tableName": "direct_store_settings",
      "rowCount": 0,
      "data": []
    },
    "direct_store_main_page_texts": {
      "tableName": "direct_store_main_page_texts",
      "rowCount": 0,
      "data": []
    },
    "direct_store_plan_master": {
      "tableName": "direct_store_plan_master",
      "rowCount": 0,
      "data": []
    },
    "direct_store_device_master": {
      "tableName": "direct_store_device_master",
      "rowCount": 0,
      "data": []
    },
    "direct_store_device_pricing_policy": {
      "tableName": "direct_store_device_pricing_policy",
      "rowCount": 0,
      "data": []
    },
    "direct_store_model_images": {
      "tableName": "direct_store_model_images",
      "rowCount": 0,
      "data": []
    },
    "direct_store_todays_mobiles": {
      "tableName": "direct_store_todays_mobiles",
      "rowCount": 0,
      "data": []
    },
    "direct_store_transit_locations": {
      "tableName": "direct_store_transit_locations",
      "rowCount": 0,
      "data": []
    },
    "direct_store_photos": {
      "tableName": "direct_store_photos",
      "rowCount": 0,
      "data": []
    },
    "direct_store_sales_daily": {
      "tableName": "direct_store_sales_daily",
      "rowCount": 0,
      "data": []
    },
    "policy_table_settings": {
      "tableName": "policy_table_settings",
      "rowCount": 0,
      "data": []
    },
    "policy_table_list": {
      "tableName": "policy_table_list",
      "rowCount": 0,
      "data": []
    },
    "policy_user_groups": {
      "tableName": "policy_user_groups",
      "rowCount": 0,
      "data": []
    },
    "policy_tab_order": {
      "tableName": "policy_tab_order",
      "rowCount": 0,
      "data": []
    },
    "policy_group_change_history": {
      "tableName": "policy_group_change_history",
      "rowCount": 0,
      "data": []
    },
    "policy_default_groups": {
      "tableName": "policy_default_groups",
      "rowCount": 0,
      "data": []
    },
    "policy_other_types": {
      "tableName": "policy_other_types",
      "rowCount": 0,
      "data": []
    },
    "budget_channel_settings": {
      "tableName": "budget_channel_settings",
      "rowCount": 0,
      "data": []
    },
    "budget_basic_settings": {
      "tableName": "budget_basic_settings",
      "rowCount": 0,
      "data": []
    },
    "budget_basic_data_settings": {
      "tableName": "budget_basic_data_settings",
      "rowCount": 0,
      "data": []
    },
    "customer_info": {
      "tableName": "customer_info",
      "rowCount": 0,
      "data": []
    },
    "purchase_queue": {
      "tableName": "purchase_queue",
      "rowCount": 0,
      "data": []
    },
    "board": {
      "tableName": "board",
      "rowCount": 0,
      "data": []
    },
    "direct_store_pre_approval_marks": {
      "tableName": "direct_store_pre_approval_marks",
      "rowCount": 0,
      "data": []
    },
    "reservation_all_customers": {
      "tableName": "reservation_all_customers",
      "rowCount": 0,
      "data": []
    },
    "reservation_customers": {
      "tableName": "reservation_customers",
      "rowCount": 0,
      "data": []
    },
    "unmatched_customers": {
      "tableName": "unmatched_customers",
      "rowCount": 0,
      "data": []
    }
  }
}